sample	unit	library	flowcell	platform	lane	sample_id	barcode	fq1	fq2	kb1	kb2
T071841	1	ch1	HY3LHDSX7¬†	ILLUMINA	2	T071841	GCTCAATA+CATTTATC	fastq/T071841_T752_1C_S63_L002_R1_001.fastq.gz	fastq/T071841_T752_1C_S63_L002_R2_001.fastq.gz	0.002	0.0021
T071842	1	ch1	HY3LHDSX7¬†	ILLUMINA	2	T071842	GTAGTTCG+CTTGATGC	fastq/T071842_T752_1D_S64_L002_R1_001.fastq.gz	fastq/T071842_T752_1D_S64_L002_R2_001.fastq.gz	0.0017	0.0017
T071845	1	ch1	HY3LHDSX7¬†	ILLUMINA	2	T071845	TATATGGA+CTTGGCAG	fastq/T071845_T752_1G_S62_L002_R1_001.fastq.gz	fastq/T071845_T752_1G_S62_L002_R2_001.fastq.gz	0.0019	0.002
T071905	1	ch1	HY3LHDSX7¬†	ILLUMINA	2	T071905	ATTACCCA+CTACAGTG	fastq/T071905_T752_9C_S50_L002_R1_001.fastq.gz	fastq/T071905_T752_9C_S50_L002_R2_001.fastq.gz	0.0031	0.0032
T071908	1	ch1	HY3LHDSX7¬†	ILLUMINA	2	T071908	GACTTGTG+TCGTGCAC	fastq/T071908_T752_9F_S51_L002_R1_001.fastq.gz	fastq/T071908_T752_9F_S51_L002_R2_001.fastq.gz	0.0028	0.0028
T127135	1	ch1	HY3LHDSX7¬†	ILLUMINA	2	T127135	TGTGTCAG+TACAGGTG	fastq/T127135_T1328_5A_S58_L002_R1_001.fastq.gz	fastq/T127135_T1328_5A_S58_L002_R2_001.fastq.gz	0.0015	0.0016
T127136	1	ch1	HY3LHDSX7¬†	ILLUMINA	2	T127136	TATTTACC+GACGTGAG	fastq/T127136_T1328_5B_S61_L002_R1_001.fastq.gz	fastq/T127136_T1328_5B_S61_L002_R2_001.fastq.gz	0.0017	0.0018
T144804	1	ch1	HY3LHDSX7¬†	ILLUMINA	2	T144804	AAAGCTAA+CTACGACA	fastq/T144804_T1512_5F_S65_L002_R1_001.fastq.gz	fastq/T144804_T1512_5F_S65_L002_R2_001.fastq.gz	0.0019	0.002
T144805	1	ch1	HY3LHDSX7¬†	ILLUMINA	2	T144805	ACTTCTGC+CCGGGACT	fastq/T144805_T1512_5G_S68_L002_R1_001.fastq.gz	fastq/T144805_T1512_5G_S68_L002_R2_001.fastq.gz	0.0015	0.0017
T144879	1	ch1	HY3LHDSX7¬†	ILLUMINA	2	T144879	GCAGAGCC+GATTACTA	fastq/T144879_T1513_3A_S66_L002_R1_001.fastq.gz	fastq/T144879_T1513_3A_S66_L002_R2_001.fastq.gz	0.0019	0.0021
T144893	1	ch1	HY3LHDSX7¬†	ILLUMINA	2	T144893	TTAAGCAG+GTCCAGGA	fastq/T144893_T1513_4G_S69_L002_R1_001.fastq.gz	fastq/T144893_T1513_4G_S69_L002_R2_001.fastq.gz	1.012	0.0011
T144959	1	ch1	HY3LHDSX7¬†	ILLUMINA	2	T144959	ATCAAATC+TCATGTAG	fastq/T144959_T1514_1A_S70_L002_R1_001.fastq.gz	fastq/T144959_T1514_1A_S70_L002_R2_001.fastq.gz	0.0017	0.0018
T144960	1	ch1	HY3LHDSX7¬†	ILLUMINA	2	T144960	TTTGAGTC+CTATCCGG	fastq/T144960_T1514_1B_S71_L002_R1_001.fastq.gz	fastq/T144960_T1514_1B_S71_L002_R2_001.fastq.gz	0.0018	0.002
T145057	1	ch1	HY3LHDSX7¬†	ILLUMINA	2	T145057	AAATCCTC+GGCGGGTT	fastq/T145057_T1515_1C_S72_L002_R1_001.fastq.gz	fastq/T145057_T1515_1C_S72_L002_R2_001.fastq.gz	0.0013	0.0014
T145058	1	ch1	HY3LHDSX7¬†	ILLUMINA	2	T145058	TACAGATG+CACGTTCG	fastq/T145058_T1515_1D_S73_L002_R1_001.fastq.gz	fastq/T145058_T1515_1D_S73_L002_R2_001.fastq.gz	0.002	0.002
T145082	1	ch1	HY3LHDSX7¬†	ILLUMINA	2	T145082	TAAGCGCA+TTCTACGG	fastq/T145082_T1515_4D_S74_L002_R1_001.fastq.gz	fastq/T145082_T1515_4D_S74_L002_R2_001.fastq.gz	0.0026	0.0026
T145084	1	ch1	HY3LHDSX7¬†	ILLUMINA	2	T145084	CAACGGAA+AGTAGATG	fastq/T145084_T1515_4F_S75_L002_R1_001.fastq.gz	fastq/T145084_T1515_4F_S75_L002_R2_001.fastq.gz	0.0021	0.0022
T145115	1	ch1	HY3LHDSX7¬†	ILLUMINA	2	T145115	AGCCTGGA+AGCAGACT	fastq/T145115_T1515_8E_S76_L002_R1_001.fastq.gz	fastq/T145115_T1515_8E_S76_L002_R2_001.fastq.gz	0.002	0.0021
T145124	1	ch1	HY3LHDSX7¬†	ILLUMINA	2	T145124	GAGGACAG+GATTCGGC	fastq/T145124_T1515_9F_S77_L002_R1_001.fastq.gz	fastq/T145124_T1515_9F_S77_L002_R2_001.fastq.gz	0.0016	0.0017
T145139	1	ch1	HY3LHDSX7¬†	ILLUMINA	2	T145139	TCGACCTA+TACAACGT	fastq/T145139_T1515_11E_S67_L002_R1_001.fastq.gz	fastq/T145139_T1515_11E_S67_L002_R2_001.fastq.gz	0.0016	0.0017
T145140	1	ch1	HY3LHDSX7¬†	ILLUMINA	2	T145140	CTATCGAA+ATCATAGT	fastq/T145140_T1515_11F_S78_L002_R1_001.fastq.gz	fastq/T145140_T1515_11F_S78_L002_R2_001.fastq.gz	0.0013	0.0014
T145151	1	ch1	HY3LHDSX7¬†	ILLUMINA	2	T145151	TCACTAAC+AGATAGGG	fastq/T145151_T1516_1A_S79_L002_R1_001.fastq.gz	fastq/T145151_T1516_1A_S79_L002_R2_001.fastq.gz	0.0013	0.0014
T145152	1	ch1	HY3LHDSX7¬†	ILLUMINA	2	T145152	TCGATAAG+GGACAACG	fastq/T145152_T1516_1B_S80_L002_R1_001.fastq.gz	fastq/T145152_T1516_1B_S80_L002_R2_001.fastq.gz	0.0015	0.0015
T148361	1	ch1	HY3LHDSX7¬†	ILLUMINA	2	T148361	CTTTATTC+CCGTTCCA	fastq/T148361_T1549_6C_S81_L002_R1_001.fastq.gz	fastq/T148361_T1549_6C_S81_L002_R2_001.fastq.gz	0.0018	0.0019
T148367	1	ch1	HY3LHDSX7¬†	ILLUMINA	2	T148367	CTGCCTTC+CCGAAGGG	fastq/T148367_T1549_7A_S82_L002_R1_001.fastq.gz	fastq/T148367_T1549_7A_S82_L002_R2_001.fastq.gz	0.0019	0.002
T169607	1	ch1	HY3LHDSX7¬†	ILLUMINA	2	T169607	CTCGAAAT+CTTACCTG	fastq/T169607_T1770_10A_S41_L002_R1_001.fastq.gz	fastq/T169607_T1770_10A_S41_L002_R2_001.fastq.gz	0.0021	0.0022
T204480	1	ch1	HY3LHDSX7¬†	ILLUMINA	2	T204480	AGGTAGGA+GGCGAACA	fastq/T204480_T2134_1B_S39_L002_R1_001.fastq.gz	fastq/T204480_T2134_1B_S39_L002_R2_001.fastq.gz	0.002	0.0022
T204501	1	ch1	HY3LHDSX7¬†	ILLUMINA	2	T204501	TCGCGCAA+TGCCTTGT	fastq/T204501_T2134_3G_S40_L002_R1_001.fastq.gz	fastq/T204501_T2134_3G_S40_L002_R2_001.fastq.gz	0.002	0.0022
T204568	1	ch1	HY3LHDSX7¬†	ILLUMINA	2	T204568	CAGGTAAG+ATTTCGAG	fastq/T204568_T2134_12B_S52_L002_R1_001.fastq.gz	fastq/T204568_T2134_12B_S52_L002_R2_001.fastq.gz	0.0022	0.0023
T204615	1	ch1	HY3LHDSX7¬†	ILLUMINA	2	T204615	CTCACAAC+GTCTCCTT	fastq/T204615_T2135_6A_S42_L002_R1_001.fastq.gz	fastq/T204615_T2135_6A_S42_L002_R2_001.fastq.gz	0.0027	0.0028
T204698	1	ch1	HY3LHDSX7¬†	ILLUMINA	2	T204698	AAGGAGAC+GTTGTGAG	fastq/T204698_T2136_4D_S53_L002_R1_001.fastq.gz	fastq/T204698_T2136_4D_S53_L002_R2_001.fastq.gz	0.0019	0.002
T204706	1	ch1	HY3LHDSX7¬†	ILLUMINA	2	T204706	CTGAGCTC+GCTCTGAT	fastq/T204706_T2136_5D_S43_L002_R1_001.fastq.gz	fastq/T204706_T2136_5D_S43_L002_R2_001.fastq.gz	0.0025	0.0025
T071897	1	ch1	HY3LHDSX7¬†	ILLUMINA	1	T071897	GTCCTTGA+TCAGACGA	fastq/T071897_T752_8C_S47_L001_R1_001.fastq.gz	fastq/T071897_T752_8C_S47_L001_R2_001.fastq.gz	0.0021	0.0022
T071898	1	ch1	HY3LHDSX7¬†	ILLUMINA	1	T071898	CAGTGCTT+ACCTGGAA	fastq/T071898_T752_8D_S48_L001_R1_001.fastq.gz	fastq/T071898_T752_8D_S48_L001_R2_001.fastq.gz	0.0039	0.004
T071899	1	ch1	HY3LHDSX7¬†	ILLUMINA	1	T071899	GCAATTCC+TGTTCGAG	fastq/T071899_T752_8E_S25_L001_R1_001.fastq.gz	fastq/T071899_T752_8E_S25_L001_R2_001.fastq.gz	0.0015	0.0016
T071900	1	ch1	HY3LHDSX7¬†	ILLUMINA	1	T071900	GTACCACA+TGTTGTGG	fastq/T071900_T752_8F_S45_L001_R1_001.fastq.gz	fastq/T071900_T752_8F_S45_L001_R2_001.fastq.gz	0.0022	0.0023
T071901	1	ch1	HY3LHDSX7¬†	ILLUMINA	1	T071901	CTCAGAAG+AACTTGCC	fastq/T071901_T752_8G_S26_L001_R1_001.fastq.gz	fastq/T071901_T752_8G_S26_L001_R2_001.fastq.gz	0.0021	0.0022
T071907	1	ch1	HY3LHDSX7¬†	ILLUMINA	1	T071907	ATAACGCC+TGAACCTG	fastq/T071907_T752_9E_S49_L001_R1_001.fastq.gz	fastq/T071907_T752_9E_S49_L001_R2_001.fastq.gz	0.0035	0.0035
T071909	1	ch1	HY3LHDSX7¬†	ILLUMINA	1	T071909	CGAGAGAA+TCTCTTCC	fastq/T071909_T752_9G_S55_L001_R1_001.fastq.gz	fastq/T071909_T752_9G_S55_L001_R2_001.fastq.gz	0.003	0.003
T071970	1	ch1	HY3LHDSX7¬†	ILLUMINA	1	T071970	GGACATCA+TGCAGGTA	fastq/T071970_T753_5D_S5_L001_R1_001.fastq.gz	fastq/T071970_T753_5D_S5_L001_R2_001.fastq.gz	0.844	0.91
T071971	1	ch1	HY3LHDSX7¬†	ILLUMINA	1	T071971	GGTGTACA+TAGCGTCT	fastq/T071971_T753_5E_S6_L001_R1_001.fastq.gz	fastq/T071971_T753_5E_S6_L001_R2_001.fastq.gz	0.0015	0.0016
T071972	1	ch1	HY3LHDSX7¬†	ILLUMINA	1	T071972	GATAGCCA+CTGTGTTG	fastq/T071972_T753_5F_S7_L001_R1_001.fastq.gz	fastq/T071972_T753_5F_S7_L001_R2_001.fastq.gz	0.0015	0.0016
T071973	1	ch1	HY3LHDSX7¬†	ILLUMINA	1	T071973	TCATCTCC+CTAGCAAG	fastq/T071973_T753_5G_S17_L001_R1_001.fastq.gz	fastq/T071973_T753_5G_S17_L001_R2_001.fastq.gz	0.0026	0.0026
T071974	1	ch1	HY3LHDSX7¬†	ILLUMINA	1	T071974	CCACAACA+TGTGGTAC	fastq/T071974_T753_5H_S8_L001_R1_001.fastq.gz	fastq/T071974_T753_5H_S8_L001_R2_001.fastq.gz	0.0018	0.0019
T071980	1	ch1	HY3LHDSX7¬†	ILLUMINA	1	T071980	GTCAGTCA+TAATGCCG	fastq/T071980_T753_6F_S38_L001_R1_001.fastq.gz	fastq/T071980_T753_6F_S38_L001_R2_001.fastq.gz	0.0015	0.0016
T071981	1	ch1	HY3LHDSX7¬†	ILLUMINA	1	T071981	CCTTCCAT+ATTGCGTG	fastq/T071981_T753_6G_S39_L001_R1_001.fastq.gz	fastq/T071981_T753_6G_S39_L001_R2_001.fastq.gz	0.0022	0.0023
T071982	1	ch1	HY3LHDSX7¬†	ILLUMINA	1	T071982	GAACGAAG+GGTGATTC	fastq/T071982_T753_6H_S18_L001_R1_001.fastq.gz	fastq/T071982_T753_6H_S18_L001_R2_001.fastq.gz	0.003	0.003
T116433	1	ch1	HY3LHDSX7¬†	ILLUMINA	1	T116433	CGAATTGC+CACCTTAC	fastq/T116433_T1216_11C_S19_L001_R1_001.fastq.gz	fastq/T116433_T1216_11C_S19_L001_R2_001.fastq.gz	0.0024	0.0024
T116434	1	ch1	HY3LHDSX7¬†	ILLUMINA	1	T116434	CGAATACG+GTCGGTAA	fastq/T116434_T1216_11D_S46_L001_R1_001.fastq.gz	fastq/T116434_T1216_11D_S46_L001_R2_001.fastq.gz	0.0018	0.0019
T127131	1	ch1	HY3LHDSX7¬†	ILLUMINA	1	T127131	GGAAGAGA+TTCTCTCG	fastq/T127131_T1328_4EG_S20_L001_R1_001.fastq.gz	fastq/T127131_T1328_4EG_S20_L001_R2_001.fastq.gz	0.0027	0.0027
T169585	1	ch1	HY3LHDSX7¬†	ILLUMINA	1	T169585	TTACGTGC+CAAGGTCT	fastq/T169585_T1770_7C_S60_L001_R1_001.fastq.gz	fastq/T169585_T1770_7C_S60_L001_R2_001.fastq.gz	0.0021	0.0023
T169611	1	ch1	HY3LHDSX7¬†	ILLUMINA	1	T169611	AGCTAAGC+GTAACGAC	fastq/T169611_T1770_10E_S61_L001_R1_001.fastq.gz	fastq/T169611_T1770_10E_S61_L001_R2_001.fastq.gz	0.0014	0.0015
T169710	1	ch1	HY3LHDSX7¬†	ILLUMINA	1	T169710	AAGGAAGG+ACTCCGGT	fastq/T169710_T1771_10H_S68_L001_R1_001.fastq.gz	fastq/T169710_T1771_10H_S68_L001_R2_001.fastq.gz	0.0019	0.002
T169854	1	ch1	HY3LHDSX7¬†	ILLUMINA	1	T169854	GCACACAA+TCGTCAAG	fastq/T169854_T1773_4H_S69_L001_R1_001.fastq.gz	fastq/T169854_T1773_4H_S69_L001_R2_001.fastq.gz	0.0016	0.0017
T169873	1	ch1	HY3LHDSX7¬†	ILLUMINA	1	T169873	GTCAGTAT+AGGCTTCT	fastq/T169873_T1773_7C_S70_L001_R1_001.fastq.gz	fastq/T169873_T1773_7C_S70_L001_R2_001.fastq.gz	0.0023	0.0024
T169892	1	ch1	HY3LHDSX7¬†	ILLUMINA	1	T169892	ATTCGAGC+CAACCTAG	fastq/T169892_T1773_9F_S71_L001_R1_001.fastq.gz	fastq/T169892_T1773_9F_S71_L001_R2_001.fastq.gz	0.0017	0.0018
T186145	1	ch1	HY3LHDSX7¬†	ILLUMINA	1	T186145	AGGAACAC+GACATTCC	fastq/T186145_T1943_1C_S40_L001_R1_001.fastq.gz	fastq/T186145_T1943_1C_S40_L001_R2_001.fastq.gz	0.0015	0.0016
T186146	1	ch1	HY3LHDSX7¬†	ILLUMINA	1	T186146	CTTACAGC+CTTCACCA	fastq/T186146_T1943_1D_S41_L001_R1_001.fastq.gz	fastq/T186146_T1943_1D_S41_L001_R2_001.fastq.gz	0.0016	0.0017
T186147	1	ch1	HY3LHDSX7¬†	ILLUMINA	1	T186147	CGTATCTC+GTACCTTG	fastq/T186147_T1943_1E_S59_L001_R1_001.fastq.gz	fastq/T186147_T1943_1E_S59_L001_R2_001.fastq.gz	0.0021	0.0022
T186166	1	ch1	HY3LHDSX7¬†	ILLUMINA	1	T186166	GTCCTAAG+TGGTAGCT	fastq/T186166_T1943_3H_S27_L001_R1_001.fastq.gz	fastq/T186166_T1943_3H_S27_L001_R2_001.fastq.gz	0.0022	0.0023
T186177	1	ch1	HY3LHDSX7¬†	ILLUMINA	1	T186177	GCGTTAGA+GTATGCTG	fastq/T186177_T1943_5C_S28_L001_R1_001.fastq.gz	fastq/T186177_T1943_5C_S28_L001_R2_001.fastq.gz	0.0019	0.002
T186178	1	ch1	HY3LHDSX7¬†	ILLUMINA	1	T186178	GTAAGGTG+GCAATTCG	fastq/T186178_T1943_5D_S54_L001_R1_001.fastq.gz	fastq/T186178_T1943_5D_S54_L001_R2_001.fastq.gz	0.0025	0.0026
T204485	1	ch1	HY3LHDSX7¬†	ILLUMINA	1	T204485	TGATAGGC+ACTCAGAC	fastq/T204485_T2134_1G_S92_L001_R1_001.fastq.gz	fastq/T204485_T2134_1G_S92_L001_R2_001.fastq.gz	0.0023	0.0024
T204486	1	ch1	HY3LHDSX7¬†	ILLUMINA	1	T204486	CACTGTAG+AGTCGCTT	fastq/T204486_T2134_1H_S87_L001_R1_001.fastq.gz	fastq/T204486_T2134_1H_S87_L001_R2_001.fastq.gz	0.0019	0.002
T204493	1	ch1	HY3LHDSX7¬†	ILLUMINA	1	T204493	GTCCGATC+GGATTGGC	fastq/T204493_T2134_2G_S94_L001_R1_001.fastq.gz	fastq/T204493_T2134_2G_S94_L001_R2_001.fastq.gz	0.0017	0.0017
T204496	1	ch1	HY3LHDSX7¬†	ILLUMINA	1	T204496	GTGCACGA+GCCTATCA	fastq/T204496_T2134_3B_S88_L001_R1_001.fastq.gz	fastq/T204496_T2134_3B_S88_L001_R2_001.fastq.gz	0.0018	0.0019
T204498	1	ch1	HY3LHDSX7¬†	ILLUMINA	1	T204498	GAACGGTT+ATTCCTCC	fastq/T204498_T2134_3D_S67_L001_R1_001.fastq.gz	fastq/T204498_T2134_3D_S67_L001_R2_001.fastq.gz	0.0019	0.002
T204500	1	ch1	HY3LHDSX7¬†	ILLUMINA	1	T204500	AACACCAC+CTCACACC	fastq/T204500_T2134_3F_S93_L001_R1_001.fastq.gz	fastq/T204500_T2134_3F_S93_L001_R2_001.fastq.gz	0.0021	0.0022
T204543	1	ch1	HY3LHDSX7¬†	ILLUMINA	1	T204543	GAGGACCA+ACCGGCAT	fastq/T204543_T2134_9A_S95_L001_R1_001.fastq.gz	fastq/T204543_T2134_9A_S95_L001_R2_001.fastq.gz	0.0025	0.0026
T204610	1	ch1	HY3LHDSX7¬†	ILLUMINA	1	T204610	ATGTTCCT+GGCGCTGA	fastq/T204610_T2135_5D_S89_L001_R1_001.fastq.gz	fastq/T204610_T2135_5D_S89_L001_R2_001.fastq.gz	0.0021	0.0023
T204632	1	ch1	HY3LHDSX7¬†	ILLUMINA	1	T204632	CATTATGG+ATGTGACT	fastq/T204632_T2135_8B_S90_L001_R1_001.fastq.gz	fastq/T204632_T2135_8B_S90_L001_R2_001.fastq.gz	0.0013	0.0014
T204635	1	ch1	HY3LHDSX7¬†	ILLUMINA	1	T204635	TCTTGTTT+GTGAAAGG	fastq/T204635_T2135_8E_S91_L001_R1_001.fastq.gz	fastq/T204635_T2135_8E_S91_L001_R2_001.fastq.gz	0.0019	0.002
T204641	1	ch1	HY3LHDSX7¬†	ILLUMINA	1	T204641	TCCCACGA+CTATTGAA	fastq/T204641_T2135_9C_S80_L001_R1_001.fastq.gz	fastq/T204641_T2135_9C_S80_L001_R2_001.fastq.gz	0.0028	0.0029
T204655	1	ch1	HY3LHDSX7¬†	ILLUMINA	1	T204655	ACCAACAG+GAGCAAAC	fastq/T204655_T2135_11A_S81_L001_R1_001.fastq.gz	fastq/T204655_T2135_11A_S81_L001_R2_001.fastq.gz	0.0018	0.0019
T204657	1	ch1	HY3LHDSX7¬†	ILLUMINA	1	T204657	CGCTCTTA+ACGGTATG	fastq/T204657_T2135_11C_S96_L001_R1_001.fastq.gz	fastq/T204657_T2135_11C_S96_L001_R2_001.fastq.gz	0.0019	0.002
T204705	1	ch1	HY3LHDSX7¬†	ILLUMINA	1	T204705	TAGCACCT+GTTCCAGA	fastq/T204705_T2136_5C_S82_L001_R1_001.fastq.gz	fastq/T204705_T2136_5C_S82_L001_R2_001.fastq.gz	0.0018	0.0019
T204707	1	ch1	HY3LHDSX7¬†	ILLUMINA	1	T204707	TGAGGACT+GTCTAGTG	fastq/T204707_T2136_5E_S83_L001_R1_001.fastq.gz	fastq/T204707_T2136_5E_S83_L001_R2_001.fastq.gz	0.0015	0.0016
T204735	1	ch1	HY3LHDSX7¬†	ILLUMINA	1	T204735	TTCCCGAA+TAACGCAA	fastq/T204735_T2136_9A_S84_L001_R1_001.fastq.gz	fastq/T204735_T2136_9A_S84_L001_R2_001.fastq.gz	0.0016	0.0017
T204786	1	ch1	HY3LHDSX7¬†	ILLUMINA	1	T204786	GAGTCGAT+TGCATAGG	fastq/T204786_T2137_3D_S85_L001_R1_001.fastq.gz	fastq/T204786_T2137_3D_S85_L001_R2_001.fastq.gz	0.0025	0.0026
